cluster,k means aggregate mean per cluster,Hierarchy means aggregate mean per cluster
1,-0.139861685,-0.08
2,0.149546586,-0.08
3,0.006400976,0.27
4,0.044656499,-0.03
5,0.002136471,0
6,-0.009040603,-0.01
7,-0.099943043,0.08
8,0.056748463,0.07