Cluster number, Avg Oct 2008
1, -0.17205266,0.11
2, -0.27638585,.20
3, -0.08925413,.05
4, -0.26023813,.11
5, -0.49329651,.94
6, -0.11201718,.24
7, -0.31099412,.23
8, -0.50388025,.18
